country,fruit_dietary_intake,vegetables_dietary_intake,legumes_dietary_intake,nuts_dietary_intake,whole_grains_dietary_intake,fish_dietary_intake,dairy_dietary_intake,red_meat_dietary_intake,salt_legislation_policy,sugar_tax_policy,sodium_policy,saturated_fatty_acids_policy,trans_fatty_acids_policy,population_2020,gdp_per_capita_mean_2011_2021,obesity_mean_2011_2016,overweight_mean_2011_2016,underweight_mean_2011_2016,blood_pressure_mean_2011_2015,animal_products_fat_supply,vegetal_products_fat_supply,sugar_sweeteners_fat_supply,Risk_factor_obese_2018,Risk_factor_all-rf_2018
Afghanistan,65.7,98.1,103.8,31.2,41.5,3.2,91.1,10.7,Yes,No,No,No,No,38928.34,2459.23,4.79,21.33,17.3,30.45,37.07,55.9,0.0,1357.0,10941.33
Angola,119.7,308.8,37.8,11.6,57.6,38.0,65.8,16.8,Yes,No,No,Don't know,Don't know,32866.27,7647.41,7.17,25.51,14.16,29.88,29.29,68.42,0.0,1064.67,4260.0
Albania,138.9,129.1,40.2,12.3,31.2,18.3,404.9,61.6,Yes,No,No,No,No,2877.8,12657.3,20.21,55.94,1.44,29.45,60.58,34.75,0.0,749.0,3001.67
Andorra,,,,,,,,,No,No,No,No,No,,55834.76,25.06,63.1,1.07,19.61,0.0,0.0,0.0,,
United Arab Emirates,107.6,123.3,40.6,31.7,37.2,40.5,428.4,29.6,Yes,Yes,Yes,Yes,Yes,9890.4,66279.79,32.76,67.35,2.11,21.12,38.88,55.29,0.0,1085.83,2374.67
Argentina,94.0,123.8,3.6,1.6,10.8,11.6,519.1,86.7,Yes,Yes,Yes,Yes,Yes,45195.78,22992.22,26.9,61.5,0.97,23.3,57.4,38.72,0.0,10786.67,30078.5
Armenia,91.2,95.9,14.7,18.9,23.3,47.9,403.7,62.4,Yes,No,No,No,Yes,2963.23,11557.68,18.9,53.0,2.84,25.56,53.07,37.9,0.0,1030.83,4160.33
Antigua and Barbuda,95.5,232.1,43.5,2.5,14.3,46.5,223.8,36.3,No,No,No,No,No,97.93,19179.26,17.59,46.39,4.96,23.15,50.73,42.8,0.0,18.33,54.17
Australia,131.9,116.8,23.2,7.4,64.9,28.6,666.3,61.6,Yes,No,Yes,Yes,No,25499.88,49038.71,27.56,63.35,1.24,16.06,43.62,50.58,0.0,4862.67,13279.67
Austria,105.7,118.4,6.4,5.4,29.2,21.1,558.7,106.2,Yes,No,Yes,Yes,Yes,9006.4,53927.94,19.03,53.29,1.94,21.89,42.8,43.55,0.0,1972.83,8505.33
Azerbaijan,104.8,77.7,14.6,32.7,46.9,22.3,454.1,99.3,Yes,No,Yes,Yes,Yes,10139.17,14345.73,18.3,51.8,2.48,24.59,56.43,33.55,0.0,3094.83,11308.67
Burundi,73.8,186.8,40.5,6.5,33.1,32.8,29.8,11.8,Yes,Yes,No,No,No,11890.78,798.25,4.73,20.7,13.28,28.72,0.0,0.0,0.0,265.83,2074.0
Belgium,103.9,113.2,4.5,3.4,66.1,19.7,767.5,57.4,No,Yes,Yes,Yes,Yes,11589.62,49848.48,21.19,58.77,1.14,18.08,40.85,45.97,0.0,2540.0,8510.33
Benin,74.8,99.1,24.7,13.0,33.6,22.2,54.3,16.5,Yes,Yes,No,No,No,12123.2,3039.7,8.57,27.73,10.1,28.1,11.87,83.47,0.0,503.33,2471.0
Burkina Faso,34.8,27.0,9.1,21.8,59.4,28.8,36.8,2.7,Yes,No,No,No,No,20903.28,2004.17,4.65,21.06,12.31,32.39,13.88,85.29,0.0,549.67,4515.0
Bangladesh,54.7,225.0,28.9,0.7,35.3,41.6,45.3,8.1,Yes,Yes,No,No,No,164689.38,4236.27,3.12,18.54,22.57,24.99,18.45,78.66,0.0,3928.33,64319.17
Bulgaria,95.9,399.2,18.1,11.5,25.8,22.7,1337.9,73.3,Yes,No,Yes,Yes,Yes,6948.45,20669.9,23.8,60.49,1.28,28.84,46.26,44.59,0.0,4784.67,15194.5
Bahrain,119.8,185.2,38.7,21.5,16.0,35.6,411.9,42.3,Yes,Yes,Yes,Yes,Yes,1701.58,48405.7,29.94,64.95,3.31,21.63,0.0,0.0,0.0,228.83,466.33
Bahamas,83.7,105.6,17.9,9.9,36.7,21.2,304.6,53.5,No,No,No,No,No,393.25,36124.69,29.94,62.86,2.62,21.71,55.89,37.55,0.0,100.83,220.67
Bosnia and Herzegovina,499.9,443.6,14.0,8.8,45.7,10.4,710.5,150.5,Yes,No,Yes,No,No,3280.82,13198.69,16.81,52.04,1.65,30.73,46.85,44.99,0.0,1260.33,3827.83
Belarus,246.3,87.0,75.8,10.9,35.7,21.5,463.9,61.9,Yes,No,Yes,Yes,Yes,9449.32,18766.01,23.25,58.38,1.61,28.18,39.77,50.92,0.0,5777.33,17240.33
Belize,85.6,148.3,27.6,2.2,27.6,26.3,246.9,98.7,Yes,Yes,No,No,No,397.62,6895.51,22.64,53.16,3.52,22.9,37.76,51.13,0.0,57.33,150.0
Bolivia (Plurinational State of),86.6,112.1,11.3,11.6,29.4,13.9,212.6,99.5,Yes,Yes,Yes,No,No,11673.03,7941.24,18.83,54.45,1.6,18.29,0.0,0.0,0.0,1633.5,5077.33
Brazil,85.0,93.4,82.1,0.2,6.1,28.9,283.2,75.2,Yes,Yes,Yes,No,Yes,212559.41,15036.48,20.7,54.92,2.94,24.08,45.34,49.88,0.01,35094.17,111070.5
Barbados,129.5,143.2,6.9,8.7,89.9,45.8,173.5,64.8,No,Yes,No,No,No,287.37,15013.58,21.59,50.67,3.64,24.4,47.72,46.7,0.0,107.67,256.83
Brunei Darussalam,82.9,163.0,34.3,4.2,0.1,75.4,79.8,90.8,No,Yes,No,No,No,437.48,62848.43,12.84,39.14,6.69,19.33,0.0,0.0,0.0,45.0,150.67
Bhutan,97.8,297.6,70.7,6.6,45.4,24.5,126.5,17.9,No,No,No,No,No,771.61,10188.37,5.83,25.52,11.71,28.08,0.0,0.0,0.0,32.5,228.83
Botswana,50.9,112.0,19.0,39.7,71.2,24.2,125.2,25.0,No,No,No,No,No,2351.63,15368.49,17.76,41.7,9.66,29.74,29.8,64.21,0.0,383.5,1018.67
Central African Republic,99.0,104.7,37.7,7.9,48.3,38.5,36.3,80.0,Yes,No,No,No,No,4829.76,960.74,6.6,24.44,15.4,31.15,34.2,61.71,0.0,299.0,1491.0
Canada,136.1,131.6,18.9,17.3,59.4,17.3,532.6,46.4,Yes,No,Yes,Yes,Yes,37742.16,47763.47,27.96,62.93,1.33,13.9,36.54,53.05,0.0,9493.0,23472.67
Switzerland,138.0,115.2,2.7,6.9,44.6,40.3,490.6,49.3,No,No,Yes,Yes,Yes,8654.62,69357.23,18.55,53.35,2.19,18.54,49.98,43.28,0.0,1373.17,5532.0
Chile,108.5,140.2,12.9,17.9,40.2,16.6,388.2,18.6,Yes,Yes,Yes,Yes,Yes,19116.21,23290.36,26.7,61.77,0.8,21.62,59.79,34.01,0.0,3322.0,8517.5
China,89.4,306.1,15.2,9.4,6.8,37.9,62.9,105.0,Yes,No,Yes,No,No,1439323.77,13395.27,5.42,30.36,5.71,19.52,58.64,36.1,0.02,97057.33,898305.67
CÃ´te dâ€™Ivoire,60.7,92.8,4.6,9.6,36.6,53.1,54.1,13.6,Yes,Yes,No,No,No,26378.28,4435.71,9.5,30.33,8.34,27.75,0.0,0.0,0.0,1096.5,5324.5
Cameroon,83.3,125.0,30.1,14.9,68.4,41.1,62.9,13.0,Yes,No,No,No,No,26545.86,3431.3,10.28,31.81,7.21,25.36,11.88,85.36,0.0,1534.33,5598.5
Democratic Republic of the Congo,94.5,212.6,30.8,26.0,12.2,43.7,52.0,12.1,Yes,No,No,No response,No response,89561.4,1033.74,5.9,23.53,16.56,28.54,0.0,0.0,0.0,2693.33,16502.67
Congo,89.7,141.6,22.6,9.9,71.6,71.4,95.3,22.4,Yes,No,No,No,No,5518.09,5347.27,8.68,29.3,13.64,26.59,25.66,71.76,0.0,345.67,1502.33
Colombia,100.5,96.5,25.8,45.1,29.2,40.4,169.3,93.5,Yes,No,Yes,Yes,Yes,50882.88,14244.26,20.91,57.48,2.4,19.69,41.03,56.32,0.0,6145.0,21495.67
Comoros,85.3,97.0,9.6,7.9,36.2,56.1,87.2,24.6,No,No,No,No,No,869.6,2939.72,7.01,25.67,10.66,27.59,0.0,0.0,0.0,39.33,247.17
Cabo Verde,237.2,194.8,31.0,15.0,63.5,26.4,98.3,21.5,Yes,No,No,No,No,555.99,6387.39,10.6,32.77,8.31,29.98,39.62,54.14,0.0,58.0,195.83
Costa Rica,130.8,166.4,28.2,8.6,36.9,73.5,309.4,73.1,Yes,Yes,Yes,No,Yes,5094.11,18825.13,23.94,59.61,1.96,19.22,35.0,58.2,0.01,677.0,1871.0
Cuba,130.5,115.2,26.3,0.3,35.2,10.0,289.1,132.7,No,No,No,No,No,11326.62,,23.38,57.04,4.72,19.48,48.58,47.06,0.0,3080.5,11245.33
Cyprus,59.4,118.5,30.9,4.5,112.8,22.6,514.5,67.5,No,No,No,Yes,Yes,1207.36,37016.34,20.88,58.01,1.24,20.4,40.04,55.65,0.0,241.17,744.33
Czechia,74.1,105.6,12.5,3.0,35.4,23.3,465.4,65.4,No,No,Yes,Yes,Yes,10708.98,37179.01,25.01,61.36,1.04,28.32,40.64,48.39,0.0,4665.83,15289.33
Germany,140.8,193.2,5.3,3.2,75.5,17.8,481.5,50.3,No,No,Yes,Yes,Yes,83783.95,51957.24,21.24,55.78,1.21,20.95,45.28,42.69,0.0,28931.0,82115.33
Djibouti,146.2,106.4,198.9,0.1,79.7,35.1,80.3,16.1,No,No,No,No,No,988.0,4754.27,12.7,37.34,8.39,27.4,20.82,76.27,0.0,79.33,255.83
Dominica,106.2,103.1,30.5,4.4,30.3,17.4,273.4,27.0,No,Yes,No,No,No,,12301.5,26.29,58.56,3.18,23.08,50.04,43.07,0.0,25.83,61.33
Denmark,90.2,121.0,23.2,8.2,44.7,36.3,563.9,55.7,Yes,No,Yes,Yes,Yes,5792.2,54412.58,18.68,54.52,2.01,21.78,56.58,26.98,0.0,1143.33,4520.17
Dominican Republic,142.8,103.5,45.6,1.4,16.5,15.9,194.8,51.8,Yes,No,No,No,No,10847.9,16355.22,25.62,58.9,3.46,22.14,28.33,68.85,0.0,2724.33,7173.33
Algeria,79.5,195.1,19.0,5.6,26.7,24.0,465.2,36.6,Yes,No,No,No,No,43851.04,11307.17,25.69,60.12,3.89,25.74,27.93,70.05,0.0,7062.5,20118.17
Ecuador,26.0,108.6,15.3,2.7,30.7,19.2,152.7,55.2,Yes,Yes,Yes,No,Yes,17643.06,11377.44,18.66,54.49,1.29,18.17,37.13,57.73,0.0,1914.83,6835.33
Egypt,88.4,147.7,8.9,2.0,22.1,14.3,134.7,29.9,Yes,No,Yes,No,No,102334.4,11289.99,30.18,61.73,1.57,25.2,28.56,66.76,0.0,26922.17,62630.33
Eritrea,57.3,69.3,28.3,10.1,36.8,52.7,76.9,21.5,No,No,No,No,No,3546.43,1734.32,4.25,20.24,17.96,28.66,0.0,0.0,0.0,165.33,1498.17
Spain,64.3,103.4,21.0,8.4,22.0,66.0,732.7,56.9,No,Yes,Yes,Yes,Yes,46754.78,37820.66,22.79,60.59,1.0,20.11,36.59,60.13,0.0,12797.33,38633.0
Estonia,105.2,293.3,6.0,8.1,107.4,30.2,1557.0,79.2,No,No,Yes,Yes,Yes,1326.54,32701.75,20.31,54.88,1.6,28.13,59.9,30.19,0.0,528.83,1613.67
Ethiopia,38.6,88.8,34.5,1.7,177.1,4.9,81.3,10.6,Yes,Yes,No,No,No,114963.58,2155.71,3.88,19.48,16.34,29.88,20.9,74.03,0.0,1589.17,15851.5
Finland,150.2,125.0,6.1,3.0,57.2,38.5,750.7,65.3,No,Yes,Yes,Yes,Yes,5540.72,46830.52,21.19,56.97,1.02,20.25,67.08,25.35,0.0,1765.0,5907.0
Fiji,109.3,210.4,29.0,4.4,49.4,37.3,79.6,21.0,Yes,Yes,Yes,No,No,896.44,12160.48,28.64,62.26,2.02,21.78,32.41,58.78,0.0,557.5,904.67
France,150.8,155.4,13.4,2.4,33.4,30.2,671.1,46.1,No,Yes,Yes,Yes,Yes,65273.51,45508.06,20.6,58.48,1.85,23.17,51.32,38.59,0.0,11440.17,42019.5
Micronesia (Federated States of),145.4,138.3,27.9,2.9,34.3,59.3,54.1,27.9,,No,No,No,No,115.02,3224.99,43.97,74.61,0.99,24.55,0.0,0.0,0.0,69.5,104.67
Gabon,69.9,122.2,2.6,20.2,50.2,31.8,82.6,32.4,Yes,No,No,No,No,2225.73,15351.56,14.03,38.67,9.27,26.04,37.79,59.83,0.0,174.83,632.17
United Kingdom of Great Britain and Northern Ireland,91.3,117.4,40.3,5.4,46.2,28.7,671.7,42.7,No,Yes,Yes,Yes,Yes,67886.0,44411.38,26.26,62.48,1.25,16.2,0.0,0.0,0.0,16934.5,52769.0
Georgia,71.8,87.7,34.5,6.3,43.5,56.9,863.8,15.3,Yes,No,Yes,No,Yes,3989.18,13036.32,19.93,52.36,2.72,26.26,43.3,46.19,0.0,1833.67,6749.17
Ghana,87.9,137.4,19.5,29.3,11.0,90.4,39.3,14.6,Yes,No,No,No,No,31072.95,5038.96,9.68,30.01,9.19,24.3,14.57,81.04,0.0,2338.33,8877.67
Guinea,22.0,20.2,3.2,10.6,40.1,16.5,43.2,13.8,Yes,No,No,No,No,13132.79,2142.67,6.82,25.03,11.32,30.2,11.39,86.43,0.0,537.83,3770.67
Gambia,30.7,48.1,7.0,12.0,62.3,38.5,26.9,6.6,Yes,Yes,No,No,No,2416.66,2118.21,9.26,30.03,10.44,29.66,11.83,87.67,0.0,108.33,614.0
Guinea-Bissau,67.6,138.1,90.9,12.6,18.3,17.4,76.6,19.6,Yes,No,No,No,No,1968.0,2185.82,8.38,28.03,10.14,30.54,21.04,77.78,0.0,113.83,484.0
Equatorial Guinea,91.0,147.3,36.8,11.4,39.2,54.2,70.7,21.9,No,No,No,No,No,1402.99,25939.81,7.46,25.76,13.77,28.48,0.0,0.0,0.0,43.67,213.33
Greece,77.0,91.3,13.9,7.4,34.3,30.6,530.1,78.5,No,No,Yes,Yes,Yes,10423.06,28553.07,23.75,61.17,0.85,19.76,34.11,63.01,0.0,3924.5,13378.83
Grenada,121.5,252.3,28.5,0.0,23.1,24.8,170.3,27.0,No,No,No,No,No,112.52,14961.62,19.8,49.55,4.2,24.22,43.67,51.78,0.0,29.17,65.67
Guatemala,75.6,92.4,46.1,2.6,23.0,6.0,185.7,57.3,Yes,Yes,Yes,No,No,17915.57,7768.62,19.35,53.93,1.93,21.39,29.12,68.31,0.0,2060.5,6004.17
Guyana,202.8,145.1,21.4,8.3,4.8,43.4,233.2,47.9,No,No,No,No,No,786.56,13156.91,18.4,47.21,5.22,22.86,44.48,51.35,0.0,241.5,624.5
Honduras,88.8,29.5,41.1,4.6,25.0,12.2,171.9,30.2,Yes,Yes,No,No,No,9904.61,5303.51,19.74,53.8,2.68,21.63,30.76,65.96,0.0,1152.5,4086.5
Croatia,59.5,480.8,8.2,8.9,58.1,39.0,660.0,251.5,Yes,No,Yes,Yes,Yes,4105.27,25822.16,23.08,58.29,1.26,32.4,51.3,38.08,0.0,1875.0,7129.83
Haiti,70.0,80.1,26.8,5.2,25.7,20.2,89.8,17.8,Yes,No,No,No,No,11402.53,2980.85,20.37,52.07,4.62,24.91,22.54,74.59,0.02,2312.0,6271.67
Hungary,60.0,62.1,16.2,1.6,44.7,11.9,426.0,22.3,Yes,Yes,Yes,Yes,Yes,9660.35,28920.17,25.17,60.42,1.72,30.82,45.69,40.91,0.0,5254.17,16544.33
Indonesia,67.0,160.5,27.5,5.1,29.6,56.7,53.6,23.9,Yes,No,No,No,No,273523.62,10582.93,5.97,26.09,13.75,24.01,17.63,80.14,0.06,16959.83,133066.33
India,35.8,167.8,24.9,3.2,121.8,9.6,107.8,3.5,Yes,Yes,Yes,Yes,Yes,1380004.39,5682.67,3.43,18.32,24.57,25.61,24.62,66.6,0.0,41893.33,582233.67
Ireland,78.4,116.6,22.3,12.9,18.9,13.2,1004.9,40.8,No,Yes,Yes,Yes,Yes,4937.8,73004.94,23.71,59.23,0.99,20.74,45.69,43.75,0.0,942.17,3122.0
Iran (Islamic Republic of),168.6,227.3,15.4,7.0,51.6,8.7,259.7,16.2,Yes,Yes,Yes,Yes,Yes,83992.95,13108.11,24.23,59.81,3.92,20.51,27.82,65.19,0.0,11657.5,30157.17
Iraq,102.9,116.0,36.2,12.7,9.4,26.4,396.7,67.2,No,No,Yes,Yes,Don't know,40222.5,10388.29,28.73,63.08,2.41,25.59,18.46,76.72,0.0,8332.17,20014.67
Iceland,76.1,69.3,5.4,1.4,74.6,46.7,770.8,58.3,No,No,Yes,Yes,Yes,341.25,53502.34,20.86,58.16,1.17,20.46,61.77,29.17,0.0,54.5,200.17
Israel,133.9,83.3,70.6,27.8,52.9,127.5,1094.2,132.1,No,No,Yes,Yes,Yes,8655.54,38209.61,25.25,63.54,1.0,17.58,30.34,67.14,0.0,1432.0,4151.83
Italy,199.4,149.4,13.8,3.3,9.2,61.4,322.6,53.4,Yes,No,Yes,Yes,Yes,60461.83,41362.7,19.06,57.43,1.17,22.27,38.35,55.86,0.0,16569.83,55179.0
Jamaica,176.7,148.9,11.4,3.1,22.0,46.6,251.1,12.2,No,No,Yes,Yes,No,2961.16,10087.28,22.87,53.46,4.36,22.15,40.0,51.42,0.0,761.17,1685.33
Jordan,171.1,117.1,25.9,10.5,23.9,54.0,327.1,55.5,Yes,No,Yes,No,Yes,10203.14,10300.67,34.13,68.29,1.31,21.68,22.65,74.4,0.0,1372.33,2892.0
Japan,108.9,282.7,58.9,2.4,6.1,50.2,187.9,90.2,No,No,Yes,No,No,126476.46,40271.79,3.85,26.19,6.88,18.14,36.99,59.69,0.0,3319.0,78483.67
Kazakhstan,59.1,157.0,6.7,75.0,37.1,33.0,628.6,103.2,Yes,No,Yes,Yes,Yes,18776.71,24303.8,19.46,51.96,2.99,27.17,43.8,51.65,0.0,4373.17,15184.67
Kenya,105.0,246.9,28.0,0.6,12.7,10.8,112.5,14.7,Yes,Yes,No,No,Yes,53771.3,4564.6,6.23,23.76,12.39,26.45,33.6,63.93,0.0,1549.0,7962.17
Kyrgyzstan,74.9,38.1,6.2,37.5,46.6,1.8,173.7,42.5,Yes,No,No,Yes,Yes,6524.19,4817.17,15.01,46.37,3.35,26.52,54.8,38.55,0.0,1068.0,4034.0
Cambodia,49.0,117.9,3.8,1.5,16.4,71.0,25.1,24.8,Yes,No,No,No,No,16718.97,3844.53,3.26,19.91,14.3,25.69,36.8,60.91,0.0,530.17,6689.67
Kiribati,98.0,87.9,29.2,3.2,35.7,60.7,58.6,28.9,Yes,Yes,No,No,No,119.45,1966.09,44.38,77.69,0.82,21.46,20.39,78.41,0.0,77.67,120.5
Saint Kitts and Nevis,,,,,,,,,No,Yes,No,No,No,,24129.12,21.16,50.33,3.56,25.35,43.86,50.7,0.0,,
Republic of Korea,96.4,138.2,27.7,1.5,16.5,21.6,181.7,42.0,No,No,Yes,No,Yes,51269.18,39798.97,4.3,29.33,4.49,11.92,0.0,0.0,0.0,1217.17,19882.33
Kuwait,56.9,109.1,45.2,25.1,19.9,70.3,579.4,26.9,Yes,No,Yes,Yes,Yes,4270.56,48156.56,38.13,72.75,1.12,24.0,37.63,57.48,0.0,459.67,1078.17
Lao People's Democratic Republic,119.1,140.3,25.3,0.7,1.8,66.8,71.7,41.7,Yes,No,No,No,No,7275.56,6746.81,4.45,23.17,12.24,24.87,39.29,53.93,0.0,305.83,2672.67
Lebanon,227.3,350.7,27.5,43.2,25.6,12.2,445.0,27.0,Yes,No,No,No,No,6825.44,16097.12,30.86,66.77,1.98,21.02,22.64,73.86,0.0,1612.0,3427.17
Liberia,49.6,121.4,9.5,2.5,10.7,58.5,56.2,22.3,Yes,Yes,No,No,No,5057.68,1641.19,8.97,29.29,8.65,28.57,14.43,84.5,0.0,215.83,1137.33
Libya,52.7,111.9,37.1,19.1,14.8,32.2,396.0,39.2,No,No,No,No,No,6871.29,12390.65,30.83,65.33,2.09,24.38,0.0,0.0,0.0,1290.5,3224.83
Saint Lucia,76.6,91.7,57.2,0.5,49.1,18.1,164.6,40.6,No,No,No,No,No,183.63,14526.76,18.08,46.06,4.82,26.93,62.88,31.49,0.0,40.5,110.67
Liechtenstein,,,,,,,,,No,No,,,,,,,,,,0.0,0.0,0.0,,
Sri Lanka,79.2,195.6,82.6,9.8,32.7,24.9,173.8,45.9,Yes,Yes,Yes,No,No,21413.25,11919.21,4.43,21.45,14.81,22.12,19.94,77.84,0.01,1355.67,10454.5
Lesotho,68.9,191.1,15.2,1.7,60.1,10.5,78.9,23.5,Yes,No,No,No,No,2142.25,2679.56,14.52,35.73,8.64,28.45,25.4,73.13,0.0,706.33,1287.83
Lithuania,69.4,130.5,26.5,9.4,14.1,30.0,1081.8,143.5,Yes,No,Yes,Yes,Yes,2722.29,32411.6,25.14,58.72,1.04,30.16,55.22,34.52,0.0,1806.17,6010.67
Luxembourg,85.9,95.4,9.9,0.1,30.7,30.0,631.3,95.4,No,No,No,Yes,Yes,625.98,112222.73,21.5,57.65,1.27,22.89,58.42,31.19,0.0,95.33,399.67
Latvia,59.1,233.3,10.0,6.8,72.0,35.0,677.6,212.1,No,Yes,Yes,Yes,Yes,1886.2,27357.51,22.57,56.98,1.56,29.99,50.44,36.66,0.0,1056.17,3896.67
Morocco,96.2,165.9,38.5,15.2,23.9,35.5,282.6,24.8,Yes,Yes,Yes,Yes,Yes,36910.56,7303.23,24.11,58.36,3.39,26.56,27.26,68.16,0.0,9159.67,24341.5
Monaco,,,,,,,,,No,Yes,No,No,No,,,,,,,0.0,0.0,0.0,,
Republic of Moldova,98.3,90.3,112.7,16.5,61.5,29.5,584.1,99.0,Yes,No,Yes,Yes,Yes,4033.96,11023.51,17.76,50.65,2.04,29.95,46.2,45.59,0.0,1436.67,5536.5
Madagascar,89.6,166.4,8.1,0.8,23.5,40.1,53.1,28.8,Yes,No,No,No,No,27691.02,1539.46,4.62,22.22,15.07,28.05,36.46,60.2,0.0,717.67,6094.33
Maldives,230.4,177.8,28.4,14.9,143.0,40.4,229.4,38.0,No,No,No,No,No,540.54,22683.08,7.44,28.19,10.04,24.47,54.65,36.58,0.0,10.0,81.33
Mexico,149.8,194.0,40.6,1.9,4.7,7.9,370.5,47.4,Yes,Yes,Yes,Yes,Yes,128932.75,19200.55,27.25,63.49,1.46,20.24,44.3,51.72,0.0,24694.67,58969.0
Marshall Islands,112.4,186.1,40.6,3.4,12.4,49.3,103.6,30.1,No,No,No,No,No,,3416.06,51.5,82.62,0.48,21.5,0.0,0.0,0.0,31.33,47.17
North Macedonia,91.9,150.8,21.3,12.0,49.9,25.3,639.6,51.7,Yes,No,No,No,No,2083.38,15208.02,21.36,56.92,1.6,28.75,32.15,57.66,0.0,930.17,3251.83
Mali,70.0,91.0,15.0,12.9,56.9,53.1,92.5,21.4,Yes,Yes,No,No,No,20250.83,2229.99,7.53,26.05,10.79,32.42,33.71,64.38,0.0,754.67,4056.83
Malta,132.8,90.0,3.7,6.6,86.0,40.6,514.5,63.3,No,No,Yes,Yes,Yes,441.54,40654.16,27.96,65.48,0.94,20.39,52.12,37.91,0.0,141.83,396.67
Myanmar,79.5,174.2,25.6,4.7,22.9,129.3,111.4,128.4,Yes,No,No,No,No,54409.79,4013.48,4.89,22.71,15.52,24.47,49.09,46.87,0.08,3393.0,31812.0
Montenegro,245.4,135.5,30.5,11.3,192.1,53.3,920.0,205.6,No,Yes,Yes,No,No,628.06,18742.94,22.18,58.27,1.56,29.68,61.68,31.45,0.0,256.67,825.0
Mongolia,48.7,171.2,28.5,2.2,100.8,16.5,738.8,74.5,Yes,No,Yes,Yes,No,3278.29,10722.57,18.75,53.45,2.54,29.6,68.28,24.32,0.0,775.17,2684.67
Mozambique,102.3,138.5,31.0,10.6,17.2,40.1,39.9,19.0,Yes,No,No,No,No,31255.44,1220.2,6.24,24.51,11.69,28.84,22.06,75.65,0.0,1144.33,5693.17
Mauritania,34.8,223.4,19.5,1.8,26.1,33.9,94.7,16.4,Yes,Yes,No,No,Don't know,4649.66,5500.95,11.51,32.51,9.23,32.21,33.05,64.8,0.0,220.83,1034.0
Mauritius,76.8,182.8,38.5,9.0,75.0,47.0,116.8,44.9,No,Yes,No,No,No,1271.77,20014.04,9.89,30.96,8.42,25.09,24.33,72.58,0.0,304.67,1134.0
Malawi,113.7,173.9,24.6,7.9,62.3,37.6,34.9,13.5,Yes,No,No,Don't know,Don't know,19129.96,1349.33,5.06,21.91,11.44,28.37,35.12,60.58,0.0,439.17,2653.17
Malaysia,106.5,163.5,25.4,58.0,18.3,90.9,68.2,21.4,Yes,Yes,Yes,No,No,32366.0,24590.98,13.97,40.15,7.21,23.59,32.86,64.66,0.0,2931.83,12215.17
Namibia,255.0,151.4,12.6,8.2,54.1,23.2,130.9,25.4,Yes,No,No,No,No,2540.92,9986.86,15.11,37.51,10.42,28.74,30.15,64.69,0.0,318.5,797.17
Niger,63.6,98.5,28.9,16.3,52.1,6.0,79.4,8.2,Yes,Yes,No,No,No,24206.64,1151.44,4.96,20.84,13.62,33.53,19.31,77.16,0.0,410.83,3086.5
Nigeria,35.1,92.8,19.9,10.9,57.9,33.3,49.6,21.2,Yes,Yes,No,No,No,206139.59,5206.64,7.89,27.22,10.82,24.59,9.23,87.63,0.0,5977.0,36760.17
Nicaragua,156.5,272.9,28.3,5.8,29.5,17.9,203.0,49.9,Yes,Yes,No,No,No,6624.55,5449.59,22.06,56.48,2.36,21.07,33.65,63.19,0.0,832.67,2277.83
Netherlands,106.2,117.3,5.3,4.4,84.5,12.9,685.7,47.9,No,No,Yes,Yes,Yes,17134.87,54341.03,19.26,56.65,1.28,19.76,53.65,39.2,0.0,4028.67,11623.83
Norway,82.3,131.8,1.1,3.5,31.0,62.5,640.1,85.3,No,Yes,Yes,Yes,Yes,5421.24,61924.34,21.91,57.11,1.25,20.52,48.0,43.29,0.0,1059.83,3689.17
Nepal,37.9,193.1,58.7,5.1,62.0,8.3,63.8,11.5,Yes,No,No,No,No,29136.81,3419.69,3.52,19.52,17.56,29.36,21.05,73.25,0.0,781.17,11911.5
Nauru,,,,,,,,,No,No,No,No,No,,8518.67,60.14,88.05,0.18,21.11,0.0,0.0,0.0,,
New Zealand,152.9,128.8,60.3,1.9,63.1,28.3,974.4,55.9,Yes,No,Don't know,No,No,4822.23,39934.45,29.25,64.53,1.12,16.99,54.28,31.21,0.0,1137.33,2999.33
Oman,120.6,154.9,42.8,17.4,27.6,32.3,402.8,43.3,Yes,Yes,Yes,Yes,Yes,5106.62,30565.87,26.59,61.35,4.25,24.88,44.86,50.3,0.0,500.0,1235.67
Pakistan,33.9,88.1,11.0,3.1,80.5,4.4,87.8,27.0,No,No,No,No,No,220892.33,4659.42,7.7,26.71,15.8,30.33,40.68,49.93,0.0,13573.0,86330.33
Panama,130.9,151.2,64.2,15.8,33.9,24.9,253.9,85.1,Yes,Yes,No,No,No,4314.77,27894.86,21.38,57.29,2.44,20.11,42.73,46.69,0.0,523.17,1543.17
Peru,227.8,95.6,33.6,7.3,34.5,42.9,319.2,108.9,Yes,Yes,Yes,Yes,Yes,32971.85,11930.22,18.62,56.06,1.34,14.34,34.97,62.23,0.0,2550.0,8952.67
Philippines,84.9,110.3,9.2,0.4,52.7,24.6,109.7,25.1,Yes,Yes,No,No,No,109581.09,7583.65,5.73,26.04,12.88,22.58,52.15,39.43,0.02,6112.5,42233.0
Palau,,,,,,,,,No,No,Yes,Yes,No,,14188.45,53.9,84.22,0.45,23.28,0.0,0.0,0.0,,
Papua New Guinea,3.9,81.9,5.1,0.1,114.8,0.0,38.2,240.8,Yes,No,No,No,No,8947.03,3529.09,19.75,51.0,2.45,25.03,0.0,0.0,0.0,1888.83,4622.5
Poland,234.9,178.7,2.9,3.6,21.4,19.2,651.4,69.3,Yes,No,Yes,Yes,Yes,37846.61,29245.89,21.98,57.2,1.76,29.28,53.12,34.02,0.0,15726.5,46096.33
Democratic People's Republic of Korea,,,,,,,,,No,No,No,No,No,25778.82,,6.14,31.11,6.87,18.22,0.0,0.0,0.0,,
Portugal,420.9,161.2,11.8,3.0,28.7,56.7,470.3,65.6,No,Yes,Yes,Yes,Yes,10196.71,32064.23,19.62,56.22,1.29,25.32,43.31,45.34,0.0,2815.17,8101.67
Paraguay,93.9,67.7,16.4,6.1,29.4,11.9,327.8,96.0,Yes,Yes,Yes,No,No,7132.53,11796.58,18.96,51.82,2.03,25.02,35.74,59.12,0.0,999.83,3026.0
State of Palestine,106.1,139.3,37.8,19.1,13.3,32.5,403.3,40.6,Yes,No,,,,5101.42,5668.27,30.98,65.4,1.4,22.85,0.0,0.0,0.0,855.67,1759.33
Qatar,123.1,168.9,38.0,20.3,15.9,34.3,396.1,39.9,Yes,Yes,Yes,Yes,Yes,2881.06,100441.51,36.34,71.0,1.7,22.06,0.0,0.0,0.0,190.67,389.0
Romania,194.2,358.2,33.1,10.8,5.2,41.4,1006.2,69.5,Yes,No,No,Yes,Yes,19237.68,25684.25,21.31,56.38,1.77,30.13,47.97,43.19,0.0,8722.0,29174.17
Russian Federation,90.4,180.9,1.0,16.6,88.8,34.7,615.2,183.9,No,No,Yes,Yes,Yes,145934.46,26280.31,21.76,55.97,1.82,28.13,48.67,43.27,0.0,81883.5,234164.17
Rwanda,122.6,281.1,80.1,7.0,27.4,24.8,35.0,4.7,Yes,No,No,No,No,12952.21,1950.06,4.93,23.01,10.29,26.51,21.11,75.31,0.0,348.0,2307.0
Saudi Arabia,146.6,147.0,55.7,25.3,24.3,45.8,374.7,40.4,Yes,Yes,Yes,Yes,Yes,34813.87,47572.5,34.93,68.74,2.17,23.69,28.14,67.17,0.0,5349.83,11605.67
Sudan,82.4,130.6,22.9,14.3,36.3,48.3,107.3,17.3,Yes,No,No,No,No,43849.27,4584.43,7.37,26.66,10.25,30.07,38.59,59.1,0.0,1898.83,13542.83
Senegal,52.4,73.1,18.2,7.5,70.7,44.1,44.9,7.7,Yes,Yes,No,No,No,16743.93,3073.29,7.69,26.35,12.06,30.39,11.41,87.17,0.0,664.0,3903.67
Singapore,134.2,152.2,15.6,2.6,8.1,50.2,74.6,44.7,No,No,Yes,Yes,Yes,5850.34,91189.77,5.76,31.16,6.28,15.53,0.0,0.0,0.0,145.0,1665.5
Solomon Islands,60.0,173.2,29.2,1.1,11.3,29.9,117.2,66.5,Yes,No,No,No,No,686.88,2301.51,20.92,53.12,1.74,21.79,23.86,69.14,0.0,240.0,611.83
Sierra Leone,89.3,119.1,22.0,2.5,64.7,48.3,45.2,10.0,No,No,No,No,No,7976.99,1680.19,7.75,26.15,10.76,30.58,11.82,86.9,0.0,386.33,2069.5
El Salvador,124.0,128.4,35.7,3.2,23.7,10.5,245.6,63.0,Yes,Yes,No,No,No,6486.2,8211.53,22.49,58.02,2.04,19.21,40.22,52.34,0.0,1080.33,3154.67
San Marino,,,,,,,,,No,No,Yes,Yes,No,,59826.24,,,,,0.0,0.0,0.0,,
Somalia,,,,,,,,,Yes,No,No,No,No,15893.22,915.85,7.32,26.66,11.23,33.0,0.0,0.0,0.0,,
Serbia,148.4,460.9,32.2,4.0,194.8,17.2,481.1,77.3,Yes,No,No,No,No,8737.37,16565.02,20.45,55.99,1.82,30.11,62.01,31.91,0.0,4364.0,11790.83
South Sudan,,,,,,,,,No,No,No,No,No,11193.73,1056.54,,,,,0.0,0.0,0.0,,
Sao Tome and Principe,128.9,36.2,8.6,8.9,25.0,73.9,142.7,7.8,Yes,Yes,No,No,No,219.16,3837.22,11.02,33.24,7.72,26.45,14.04,84.95,0.0,13.67,64.0
Suriname,103.3,180.3,71.7,15.4,39.6,25.0,243.5,75.5,No,Yes,No,No,No,586.63,18405.7,25.03,57.41,3.52,22.74,28.97,68.76,0.0,156.0,372.17
Slovakia,80.3,101.6,4.6,3.4,52.4,8.8,309.0,29.5,Yes,No,Yes,Yes,Yes,5459.64,29876.24,19.55,55.2,1.72,28.99,36.05,48.01,0.0,1889.17,7260.5
Slovenia,76.6,115.1,19.1,9.0,56.0,34.3,569.9,59.3,Yes,No,Yes,Yes,Yes,2078.93,35662.4,19.28,54.88,1.79,30.68,43.23,43.79,0.0,444.5,1783.67
Sweden,115.0,150.8,15.3,5.1,25.0,35.1,609.9,70.7,No,No,Yes,Yes,Yes,10099.27,51194.07,19.53,55.3,1.38,20.35,47.11,42.5,0.0,2151.5,8872.67
Eswatini,92.7,167.0,11.0,6.9,0.1,2.0,70.3,19.1,Yes,No,No,No,No,1160.16,8464.76,14.75,35.98,7.85,29.49,38.47,56.88,0.0,194.33,430.67
Seychelles,108.5,215.5,19.6,9.4,38.6,174.7,87.5,18.5,No,Yes,No,No,No,98.34,25517.21,13.02,35.31,6.85,23.66,0.0,0.0,0.0,14.67,53.83
Syrian Arab Republic,101.6,129.7,37.9,19.5,14.2,32.6,388.9,37.5,No,No,No,No,No,17500.66,,26.14,59.61,2.8,25.03,0.0,0.0,0.0,3932.0,10142.83
Chad,42.4,36.7,7.4,9.2,58.5,25.0,37.8,32.2,Yes,Yes,No,No,No,16425.86,1680.12,5.38,21.64,13.77,32.58,30.59,66.03,0.0,323.0,3050.17
Togo,54.8,148.5,13.7,9.3,61.7,53.9,23.4,13.4,Yes,Yes,No,No,No,8278.74,1949.85,7.37,26.2,10.24,29.0,10.08,88.16,0.0,368.33,2005.0
Thailand,97.2,175.6,41.9,1.3,18.1,45.8,92.6,35.0,Yes,Yes,Yes,No,Yes,69799.98,16657.62,8.55,29.92,9.4,22.35,37.49,58.68,0.0,5102.67,30706.67
Tajikistan,90.7,53.8,58.2,5.1,46.4,6.6,188.2,51.5,Yes,No,Yes,No,No,9537.64,2962.67,12.88,43.48,4.1,25.82,25.33,72.43,0.0,1250.67,5556.17
Turkmenistan,68.6,107.1,32.8,0.8,112.9,11.9,693.6,92.0,Yes,No,Yes,Yes,Yes,6031.19,15564.02,16.99,49.92,3.1,25.49,58.89,33.0,0.0,1081.0,4053.0
Timor-Leste,52.0,140.8,8.7,1.6,19.0,25.5,68.2,19.0,No,No,Yes,Yes,Yes,1318.44,3189.15,3.24,19.9,17.01,27.47,33.75,63.41,0.0,35.67,535.67
Tonga,130.4,139.4,39.2,3.3,11.9,50.6,106.8,30.7,No,Yes,No,No,No,105.7,5470.4,46.23,77.29,0.32,23.23,0.0,0.0,0.0,46.0,72.83
Trinidad and Tobago,68.5,86.5,37.6,9.5,28.0,25.3,204.6,72.8,No,No,No,No,No,1399.49,27079.0,16.98,43.98,4.15,25.36,41.34,52.07,0.0,495.5,1397.0
Tunisia,64.0,198.0,15.2,6.5,1.5,38.3,279.1,41.7,Yes,Yes,Yes,Yes,Yes,11818.62,10208.93,25.22,59.9,3.4,23.79,22.92,72.97,0.0,2798.33,8217.5
Turkey,79.8,112.9,31.3,11.1,2.6,6.2,660.3,45.0,Yes,No,Yes,Yes,Yes,84339.07,26480.86,30.11,65.12,1.54,21.08,24.42,71.45,0.0,21437.83,50482.17
Tuvalu,,,,,,,,,No,No,No,No,No,,3964.63,49.77,80.65,0.42,23.84,0.0,0.0,0.0,,
United Republic of Tanzania,65.8,169.3,33.9,16.4,135.4,26.6,54.0,27.1,Yes,Yes,No,Don't know,Don't know,59734.21,2449.36,7.39,25.85,11.58,27.08,13.64,83.7,0.0,1895.0,9709.83
Uganda,55.6,110.7,45.2,7.7,27.3,11.6,65.6,10.9,Yes,Yes,No,No,No,45741.0,2347.14,4.63,21.04,11.7,26.82,23.65,74.51,0.0,651.17,6554.33
Ukraine,94.1,183.4,8.9,12.8,67.0,31.6,539.7,39.0,No,No,No,No,No,43733.76,12341.19,22.92,57.44,1.51,27.86,48.32,44.9,0.0,32735.0,104172.0
Uruguay,97.0,162.7,45.0,25.5,37.9,23.9,318.1,79.9,Yes,Yes,Yes,No,Yes,3473.73,21781.44,26.53,61.57,1.13,21.77,47.53,47.84,0.0,1150.0,2937.67
United States of America,86.8,128.6,19.5,11.5,19.6,11.2,513.0,35.7,No,No,Yes,Yes,Yes,331002.65,58978.44,34.57,66.68,1.31,13.17,39.1,56.87,0.0,114686.17,282234.33
Uzbekistan,83.6,214.7,33.4,3.2,52.4,47.4,589.0,107.0,Yes,No,Yes,No,Yes,33469.2,6588.91,15.07,46.38,3.4,25.4,49.49,46.88,0.0,7551.17,26711.0
Saint Vincent and the Grenadines,143.5,104.3,46.3,6.2,20.0,31.9,257.5,49.0,No,Yes,Yes,No,No,110.95,11871.03,22.2,53.13,3.87,23.61,47.85,47.41,0.0,38.83,107.67
Venezuela (Bolivarian Republic of),108.1,91.0,39.5,0.8,28.0,11.1,325.1,57.8,Yes,No,No,No,No,28435.94,13592.55,24.55,62.35,1.51,19.37,30.38,66.95,0.0,3478.33,15297.67
Viet Nam,82.6,177.1,99.5,21.1,26.3,61.1,68.1,51.8,Yes,No,Yes,No,No,97338.58,8654.12,1.75,16.57,18.83,23.19,0.0,0.0,0.0,1866.17,40791.83
Vanuatu,41.3,71.4,67.3,3.9,24.3,41.3,88.1,43.7,No,Yes,No,No,No,307.15,2631.22,23.53,55.31,2.06,23.96,27.88,69.21,0.0,86.0,212.67
Samoa,140.3,336.4,231.1,26.1,10.6,44.4,176.8,27.4,No,Yes,Yes,No,No,198.41,5368.8,45.86,76.66,0.33,23.51,38.58,55.79,0.0,97.5,141.5
Yemen,39.3,58.5,28.9,3.4,20.3,10.8,200.1,22.9,Yes,No,No,No,No,29825.97,2599.94,15.43,46.52,7.15,30.54,23.07,74.2,0.0,4299.67,13034.0
South Africa,32.7,131.8,32.3,0.2,68.6,5.0,133.9,148.6,Yes,Yes,Yes,No,Yes,59308.69,13697.11,26.04,51.23,5.13,27.25,38.69,59.85,0.0,13383.33,29563.67
Zambia,51.2,195.8,20.6,19.7,55.7,43.9,42.5,41.2,Yes,Yes,No,No,No,18383.96,3309.54,7.22,26.26,11.7,27.2,17.59,80.12,0.0,656.5,3549.33
Zimbabwe,83.4,141.2,18.9,3.1,152.4,18.6,97.8,27.1,Yes,No,No,No,No,14862.93,2291.12,14.21,36.36,8.31,28.17,17.8,78.91,0.0,1804.67,4640.5
Bolivia,,,,,,,,,,,,,,,,,,,,56.68,37.51,0.0,,
Cote d'Ivoire,,,,,,,,,,,,,,,,,,,,10.38,85.23,0.0,,
French Polynesia,,,,,,,,,,,,,,,,,,,,45.65,47.89,0.0,,
"Korea, North",,,,,,,,,,,,,,,,,,,,22.93,75.64,0.0,,
"Korea, South",,,,,,,,,,,,,,,,,,,,35.79,58.81,0.0,,
New Caledonia,,,,,,,,,,,,,,,,,,,,40.88,53.49,0.0,,
Taiwan*,,,,,,,,,,,,,,,,,,,,35.94,60.42,0.0,,
United Kingdom,,,,,,,,,,,,,,,,,,,,47.47,46.31,0.0,,
Vietnam,,,,,,,,,,,,,,,,,,,,62.67,32.04,0.0,,
